"","local_site","location","year","date","TN","TDN","PN","DON","IN","TP","TDP","PP","DOP","IP"
"1","ARIKAREE","GLACIER",1994,1994-05-26,NA,NA,NA,NA,56.05,NA,NA,NA,NA,NA
"2","ARIKAREE","GLACIER",1994,1994-06-02,NA,NA,NA,NA,34.99,NA,NA,NA,NA,NA
"3","ARIKAREE","GLACIER",1994,1994-06-09,NA,NA,NA,NA,49,NA,NA,NA,NA,NA
"4","ARIKAREE","GLACIER",1994,1994-06-16,NA,NA,NA,NA,31.81,NA,NA,NA,NA,NA
"5","ARIKAREE","GLACIER",1994,1994-06-23,NA,NA,NA,NA,26.13,NA,NA,NA,NA,NA
"6","ARIKAREE","GLACIER",1994,1994-06-30,NA,NA,NA,NA,21.61,NA,NA,NA,NA,NA
"7","ARIKAREE","GLACIER",1994,1994-07-07,NA,NA,NA,NA,17.7,NA,NA,NA,NA,NA
"8","ARIKAREE","GLACIER",1994,1994-07-14,NA,NA,NA,NA,14.12,NA,NA,NA,NA,NA
"9","ARIKAREE","GLACIER",1994,1994-07-21,NA,NA,NA,NA,14.71,NA,NA,NA,NA,NA
"10","ARIKAREE","GLACIER",1994,1994-07-28,NA,NA,NA,NA,12.95,NA,NA,NA,NA,NA
"11","ARIKAREE","GLACIER",1994,1994-08-04,NA,NA,NA,NA,16.01,NA,NA,NA,NA,NA
"12","ARIKAREE","GLACIER",1994,1994-08-11,NA,NA,NA,NA,11.49,NA,NA,NA,NA,NA
"13","ARIKAREE","GLACIER",1994,1994-08-18,NA,NA,NA,NA,12.49,NA,NA,NA,NA,NA
"14","ARIKAREE","GLACIER",1994,1994-08-25,NA,NA,NA,NA,11.26,NA,NA,NA,NA,NA
"15","ARIKAREE","GLACIER",1994,1994-09-01,NA,NA,NA,NA,15.26,NA,NA,NA,NA,NA
"16","ARIKAREE","GLACIER",1994,1994-09-08,NA,NA,NA,NA,12.93,NA,NA,NA,NA,NA
"17","ARIKAREE","GLACIER",1994,1994-09-15,NA,NA,NA,NA,24.74,NA,NA,NA,NA,NA
"18","ARIKAREE","GLACIER",1994,1994-09-22,NA,NA,NA,NA,40.69,NA,NA,NA,NA,NA
"19","ARIKAREE","GLACIER",1994,1994-09-29,NA,NA,NA,NA,33.43,NA,NA,NA,NA,NA
"20","ARIKAREE","GLACIER",1995,1995-06-29,67.64,57.73,9.91,12.05,45.68,NA,NA,NA,NA,NA
"21","ARIKAREE","GLACIER",1995,1995-07-13,30.11,32.14,NA,3.85,28.29,0.49,0.39,0.1,NA,NA
"22","ARIKAREE","GLACIER",1995,1995-07-20,23.85,23.96,NA,0.22,23.74,0.32,0.32,NA,NA,NA
"23","ARIKAREE","GLACIER",1995,1995-07-27,22.38,21.85,0.54,1.87,19.97,NA,NA,NA,NA,NA
"24","ARIKAREE","GLACIER",1995,1995-08-03,20.48,20.04,0.44,3.61,16.43,0.11,0.05,0.06,NA,NA
"25","ARIKAREE","GLACIER",1995,1995-08-10,17.21,18.24,NA,3.54,14.71,0.21,NA,0.21,NA,NA
"26","ARIKAREE","GLACIER",1995,1995-08-17,14.94,16.01,NA,2.26,13.75,0.71,0.61,0.1,NA,NA
"27","ARIKAREE","GLACIER",1995,1995-08-24,18.89,17.82,1.07,1.33,16.49,0.06,NA,0.06,NA,NA
"28","ARIKAREE","GLACIER",1995,1995-08-31,12.34,11.02,1.32,NA,12.12,0.2,0.14,0.06,NA,NA
"29","ARIKAREE","GLACIER",1995,1995-09-07,10.27,10.54,NA,1.8,8.75,0.27,0.13,0.14,NA,NA
"30","ARIKAREE","GLACIER",1995,1995-09-14,16.68,13.09,3.6,1.91,11.18,0.17,0.04,0.14,NA,NA
"31","ARIKAREE","GLACIER",1996,1996-06-06,70.75,61.5,9.25,3.95,57.54,0.57,0.38,0.19,NA,NA
"32","ARIKAREE","GLACIER",1996,1996-06-13,32.14,31.88,0.26,4.16,27.71,0.42,0.36,0.06,NA,NA
"33","ARIKAREE","GLACIER",1996,1996-06-20,18.78,18.29,0.49,NA,18.53,0.24,0.15,0.09,NA,NA
"34","ARIKAREE","GLACIER",1996,1996-06-27,26.28,26.22,0.06,NA,23.53,0.21,0.07,0.14,NA,NA
"35","ARIKAREE","GLACIER",1996,1996-07-04,18.87,16.88,1.98,NA,17.52,0.13,0.13,NA,NA,NA
"36","ARIKAREE","GLACIER",1996,1996-07-11,11.67,10.08,1.58,NA,10.68,0,0,NA,NA,NA
"37","ARIKAREE","GLACIER",1996,1996-07-18,9.93,9.32,0.61,NA,10.85,0.14,0,0.14,NA,NA
"38","ARIKAREE","GLACIER",1996,1996-07-25,9.67,10.08,NA,NA,10.11,0.16,0.11,0.05,NA,NA
"39","ARIKAREE","GLACIER",1996,1996-08-01,14.18,11.89,2.28,0.74,11.15,0.24,0.24,0,NA,NA
"40","ARIKAREE","GLACIER",1996,1996-08-08,14.79,10.49,4.31,0.26,10.23,0.2,0.2,NA,NA,NA
"41","ARIKAREE","GLACIER",1996,1996-08-15,8.92,8.91,0.01,NA,9,0.2,0.15,0.05,NA,NA
"42","ARIKAREE","GLACIER",1996,1996-08-22,12.08,11.67,0.41,NA,11.67,0.21,0.19,0.02,NA,NA
"43","ARIKAREE","GLACIER",1996,1996-08-29,11.17,10.56,0.61,NA,10.67,0.32,0.26,0.06,NA,NA
"44","ARIKAREE","GLACIER",1996,1996-09-10,16.36,15.89,0.47,2.28,13.61,0.28,0.29,NA,NA,NA
"45","ARIKAREE","GLACIER",1997,1997-06-05,41.75,44.59,NA,4.52,40.06,NA,NA,NA,NA,NA
"46","ARIKAREE","GLACIER",1997,1997-06-12,69.38,66.28,3.1,4.94,61.34,0.07,0.07,NA,0.07,NA
"47","ARIKAREE","GLACIER",1997,1997-06-19,33.26,33.93,NA,6.04,27.89,0.22,0.17,0.05,0.17,NA
"48","ARIKAREE","GLACIER",1997,1997-06-26,30.16,31.35,NA,6.82,24.53,0.35,0.13,0.22,0.13,NA
"49","ARIKAREE","GLACIER",1997,1997-07-03,24.04,24.43,NA,0.56,23.87,0.14,0.08,0.05,0.08,NA
"50","ARIKAREE","GLACIER",1997,1997-07-10,20.65,20.37,0.28,0.35,20.02,0.15,0.15,NA,0.15,NA
"51","ARIKAREE","GLACIER",1997,1997-07-17,26.64,19.57,7.08,NA,21.18,0.38,0.12,0.26,NA,0.17
"52","ARIKAREE","GLACIER",1997,1997-07-24,21.28,19.41,1.86,2.9,16.52,0.4,0.23,0.17,0.23,NA
"53","ARIKAREE","GLACIER",1997,1997-07-31,15.81,17.22,NA,1.36,15.86,0.42,0.06,0.35,0.06,NA
"54","ARIKAREE","GLACIER",1997,1997-08-07,11.49,8.69,2.8,1.55,7.14,0.15,0.15,NA,0.15,NA
"55","ARIKAREE","GLACIER",1997,1997-08-14,13.87,14.56,NA,3.38,11.18,0.15,0.15,NA,0.15,NA
"56","ARIKAREE","GLACIER",1997,1997-08-21,11.18,11.44,NA,1.48,9.96,0.14,0.14,NA,0.14,NA
"57","ARIKAREE","GLACIER",1997,1997-08-28,10.45,10.78,NA,0.96,9.82,0.2,0.2,NA,0.2,NA
"58","ARIKAREE","GLACIER",1997,1997-09-04,12.99,13.45,NA,NA,14.29,0.14,0.11,0.03,0.11,NA
"59","ARIKAREE","GLACIER",1997,1997-09-11,10.92,10.33,0.59,NA,10.84,0.19,0.15,0.04,NA,0.16
"60","ARIKAREE","GLACIER",1997,1997-09-18,16.56,13.79,2.77,NA,15,0.14,0.09,0.04,0.09,NA
"61","ARIKAREE","GLACIER",1997,1997-09-25,25.29,25.91,NA,2.69,23.22,0.16,0.18,NA,0.18,NA
"62","ARIKAREE","GLACIER",1997,1997-10-02,22.3,21.3,1,3.27,18.04,0.31,0.13,0.18,0.13,NA
"63","ARIKAREE","GLACIER",1998,1998-05-28,40.64,39.54,1.11,0.1,39.44,0.22,0.17,0.05,0.08,0.09
"64","ARIKAREE","GLACIER",1998,1998-06-04,61.5,59.78,1.72,4.91,54.87,0.29,0.3,NA,0.3,NA
"65","ARIKAREE","GLACIER",1998,1998-06-25,27.59,26.44,1.16,NA,28.05,0.27,0.32,NA,0.32,NA
"66","ARIKAREE","GLACIER",1998,1998-07-02,17.61,17.91,NA,0.03,17.87,0.26,0.37,NA,0.22,0.15
"67","ARIKAREE","GLACIER",1998,1998-07-09,21.65,18.71,2.93,NA,19.69,0.15,0.14,0.01,0.14,NA
"68","ARIKAREE","GLACIER",1998,1998-07-16,14.71,15.59,NA,2.75,12.85,0.36,0.33,0.03,0.33,NA
"69","ARIKAREE","GLACIER",1998,1998-07-23,12.73,12.35,0.38,1.33,11.02,0.31,0.29,0.01,0.29,NA
"70","ARIKAREE","GLACIER",1998,1998-07-30,11.07,11.98,NA,1.32,10.66,0.19,0.2,NA,0.2,NA
"71","ARIKAREE","GLACIER",1998,1998-08-06,11.88,12.09,NA,1.33,10.76,0.18,0.07,0.11,0.07,NA
"72","ARIKAREE","GLACIER",1998,1998-08-13,15.24,14.83,0.41,NA,14.98,0.12,0.1,0.01,0.1,NA
"73","ARIKAREE","GLACIER",1998,1998-08-20,12.97,13.15,NA,0.4,12.76,0.07,0.06,0.01,0.06,NA
"74","ARIKAREE","GLACIER",1998,1998-08-27,12.91,13.8,NA,3.3,10.5,0.34,0.22,0.13,0.22,NA
"75","ARIKAREE","GLACIER",1998,1998-09-03,16.76,16.67,0.09,2.12,14.55,0.21,0.16,0.05,0.06,0.1
"76","ARIKAREE","GLACIER",1998,1998-09-10,13.98,12.76,1.22,2.49,10.27,0.22,0.22,NA,0.22,NA
"77","ARIKAREE","GLACIER",1998,1998-09-17,14.04,13.13,0.91,1.51,11.62,0.09,0.1,NA,0.1,NA
"78","ARIKAREE","GLACIER",1998,1998-09-24,18.51,18.1,0.41,5.63,12.47,0.12,0.05,0.06,0.05,NA
"79","ARIKAREE","GLACIER",1998,1998-10-01,17.62,16.36,1.26,4.3,12.06,0.19,0.09,0.1,0.09,NA
"80","ARIKAREE","GLACIER",1999,1999-06-17,60.37,58.86,1.51,2.74,56.12,0.28,0.24,0.05,0.24,NA
"81","ARIKAREE","GLACIER",1999,1999-06-24,37.16,36.52,0.64,3.63,32.89,0.29,0.29,0.01,0.29,NA
"82","ARIKAREE","GLACIER",1999,1999-07-01,23.84,25.73,NA,1.71,24.02,0.2,0.14,0.06,0.14,NA
"83","ARIKAREE","GLACIER",1999,1999-07-08,25.25,18.81,6.43,1.86,16.96,0.14,0.11,0.02,0.11,NA
"84","ARIKAREE","GLACIER",1999,1999-07-15,19.51,18.79,0.72,2.86,15.93,0.3,0.26,0.04,0.26,NA
"85","ARIKAREE","GLACIER",1999,1999-07-22,16.83,15.14,1.69,1.58,13.56,0.23,0.18,0.05,0.18,NA
"86","ARIKAREE","GLACIER",1999,1999-07-29,NA,12.94,NA,1.12,11.82,0.12,0.12,NA,0.12,NA
"87","ARIKAREE","GLACIER",1999,1999-08-05,19.03,18.66,0.38,2.95,15.7,0.2,0.16,0.04,0.16,NA
"88","ARIKAREE","GLACIER",1999,1999-08-12,17.86,17.83,0.02,2.14,15.7,0.25,0.18,0.07,0.18,NA
"89","ARIKAREE","GLACIER",1999,1999-08-19,14.96,13.95,1.01,1.64,12.31,0.12,0.14,NA,0.14,NA
"90","ARIKAREE","GLACIER",1999,1999-08-26,20.16,20.11,0.05,2.19,17.92,0.16,0.09,0.07,0.09,NA
"91","ARIKAREE","GLACIER",1999,1999-09-02,21.15,20.48,0.68,4.84,15.64,0.22,0.15,0.07,0.15,NA
"92","ARIKAREE","GLACIER",1999,1999-09-07,23.11,22.97,0.14,5.1,17.87,0.27,0.2,0.06,0.2,NA
"93","ARIKAREE","GLACIER",1999,1999-09-14,26.16,25.49,0.67,3.81,21.68,0.23,0.15,0.07,0.15,NA
"94","ARIKAREE","GLACIER",1999,1999-09-21,23.02,22.25,0.77,3.91,18.34,0.44,0.2,0.25,0.2,NA
"95","ARIKAREE","GLACIER",2000,2000-05-25,NA,48.49,NA,NA,51.78,0.39,0.38,0.01,0.38,NA
"96","ARIKAREE","GLACIER",2000,2000-06-01,NA,37.68,NA,NA,39.75,0.37,0.39,NA,0.39,NA
"97","ARIKAREE","GLACIER",2000,2000-06-08,NA,NA,NA,NA,40.29,0.1,0.07,0.04,0.07,NA
"98","ARIKAREE","GLACIER",2000,2000-06-15,NA,34.5,NA,4.3,30.2,0.11,0.09,0.02,0.09,NA
"99","ARIKAREE","GLACIER",2000,2000-06-22,NA,29.66,NA,NA,30.03,0.33,0.27,0.05,0.27,NA
"100","ARIKAREE","GLACIER",2000,2000-06-29,NA,22.21,NA,NA,22.69,0.18,0.14,0.05,0.14,NA
"101","ARIKAREE","GLACIER",2000,2000-07-06,NA,NA,NA,NA,14.88,0.21,0.13,0.08,0.13,NA
"102","ARIKAREE","GLACIER",2000,2000-07-13,NA,NA,NA,NA,11.11,0.57,0.16,0.4,0.16,NA
"103","ARIKAREE","GLACIER",2000,2000-07-20,NA,NA,NA,NA,10.92,0.18,0.14,0.04,0.14,NA
"104","ARIKAREE","GLACIER",2000,2000-07-27,NA,NA,NA,NA,10.67,0.24,0.16,0.08,0.16,NA
"105","ARIKAREE","GLACIER",2000,2000-08-10,NA,18.77,NA,5.71,13.06,0.2,0.11,0.09,0.11,NA
"106","ARIKAREE","GLACIER",2000,2000-08-24,NA,23.09,NA,4.93,18.16,0.34,0.2,0.14,0.2,NA
"107","ARIKAREE","GLACIER",2000,2000-09-07,NA,37.16,NA,7.74,29.42,0.22,0.11,0.11,0.11,NA
"108","ARIKAREE","GLACIER",2000,2000-09-21,NA,NA,NA,NA,31.56,0.37,0.18,0.18,0.18,NA
"109","ARIKAREE","GLACIER",2001,2001-05-31,NA,NA,NA,NA,83.38,0.27,0.16,0.11,0.16,NA
"110","ARIKAREE","GLACIER",2001,2001-06-07,NA,74.11,NA,0.83,73.28,0.31,0.25,0.06,0.25,NA
"111","ARIKAREE","GLACIER",2001,2001-06-21,NA,50.48,NA,0.2,50.28,0.12,NA,0.12,NA,NA
"112","ARIKAREE","GLACIER",2001,2001-06-28,NA,NA,NA,NA,25.67,NA,NA,NA,NA,NA
"113","ARIKAREE","GLACIER",2001,2001-07-05,NA,NA,NA,NA,16.75,0.13,0.13,NA,0.13,NA
"114","ARIKAREE","GLACIER",2001,2001-07-12,NA,NA,NA,NA,12.63,0.12,0.1,0.02,0.1,NA
"115","ARIKAREE","GLACIER",2001,2001-07-19,NA,NA,NA,NA,8.32,NA,NA,NA,NA,NA
"116","ARIKAREE","GLACIER",2001,2001-07-26,NA,13.78,NA,2.91,10.87,0.2,0.13,0.07,0.13,NA
"117","ARIKAREE","GLACIER",2001,2001-08-02,NA,19.09,NA,5.29,13.79,0.16,0.17,NA,0.17,NA
"118","ARIKAREE","GLACIER",2001,2001-08-16,NA,36.11,NA,6.55,29.56,0.24,0.16,0.08,0.16,NA
"119","ARIKAREE","GLACIER",2001,2001-08-23,NA,32.69,NA,9.73,22.96,0.14,0.13,0.01,0.13,NA
"120","ARIKAREE","GLACIER",2001,2001-08-30,NA,36.04,NA,11.94,24.11,0.24,0.13,0.11,0.13,NA
"121","ARIKAREE","GLACIER",2001,2001-09-06,NA,32.28,NA,6.24,26.04,0.25,0.15,0.1,0.15,NA
"122","ARIKAREE","GLACIER",2001,2001-09-13,NA,53.05,NA,2.37,50.68,0.55,0.34,0.22,0.34,NA
"123","ARIKAREE","GLACIER",2001,2001-09-25,NA,52.08,NA,1.66,50.41,0.38,0.32,0.06,0.32,NA
"124","ARIKAREE","GLACIER",2001,2001-10-02,NA,36.2,NA,NA,37.73,0.33,0.16,0.17,0.16,NA
"125","ARIKAREE","GLACIER",2001,2001-10-09,NA,65.88,NA,9.88,56,0.83,0.46,0.36,0.46,NA
"126","ARIKAREE","GLACIER",2002,2002-05-23,NA,151.17,NA,NA,167.7,0.44,0.25,0.19,0.25,NA
"127","ARIKAREE","GLACIER",2002,2002-05-30,83.24,76.99,6.25,7.21,69.78,0.42,0.36,0.06,0.36,NA
"128","ARIKAREE","GLACIER",2002,2002-06-05,90.91,84.2,6.72,5.69,78.51,0.26,0.23,0.03,0.23,NA
"129","ARIKAREE","GLACIER",2002,2002-06-06,83.9,81.43,2.48,8.71,72.71,0.28,0.26,0.02,0.26,NA
"130","ARIKAREE","GLACIER",2002,2002-06-13,46.48,43.64,2.84,7.04,36.6,0.28,0.21,0.07,0.21,NA
"131","ARIKAREE","GLACIER",2002,2002-06-20,33.53,31.97,1.56,5.49,26.48,0.29,0.17,0.12,0.17,NA
"132","ARIKAREE","GLACIER",2002,2002-06-27,19.99,19.87,0.12,2.36,17.51,0.31,0.19,0.12,0.19,NA
"133","ARIKAREE","GLACIER",2002,2002-07-04,28.3,27.42,0.88,2.64,24.78,0.21,0.18,0.03,0.18,NA
"134","ARIKAREE","GLACIER",2002,2002-07-11,17.13,16.81,0.32,2.12,14.7,0.31,0.13,0.18,0.13,NA
"135","ARIKAREE","GLACIER",2002,2002-07-18,25.39,25.31,0.09,2.76,22.55,0.36,0.34,0.03,0.34,NA
"136","ARIKAREE","GLACIER",2002,2002-07-25,36.6,35.55,1.05,3.97,31.58,0.7,0.4,0.3,0.4,NA
"137","ARIKAREE","GLACIER",2002,2002-08-01,38.79,32.79,6,4.34,28.46,0.64,0.12,0.52,0.12,NA
"138","ARIKAREE","GLACIER",2002,2002-08-08,53.9,48.16,5.74,4.73,43.43,0.93,0.37,0.56,0.37,NA
"139","ARIKAREE","GLACIER",2002,2002-08-15,40.52,39.18,1.34,4.15,35.03,0.33,NA,0.33,NA,NA
"140","ARIKAREE","GLACIER",2002,2002-08-22,47.61,43.31,4.31,4.26,39.05,0.52,0.19,0.33,0.19,NA
"141","ARIKAREE","GLACIER",2002,2002-08-29,45.77,43.23,2.54,4.53,38.7,0.5,0.36,0.14,0.36,NA
"142","ARIKAREE","GLACIER",2002,2002-09-05,46.94,44.71,2.23,4.56,40.15,0.23,0.11,0.12,0.11,NA
"143","ARIKAREE","GLACIER",2002,2002-09-12,93.37,92.54,0.83,5.11,87.43,1.47,0.2,1.28,0.2,NA
"144","ARIKAREE","GLACIER",2002,2002-09-25,81.98,84.18,NA,4.26,79.92,0.52,NA,0.52,NA,NA
"145","ARIKAREE","GLACIER",2003,2003-06-05,74.66,79.76,NA,3.27,76.49,0.59,0.59,NA,0.59,NA
"146","ARIKAREE","GLACIER",2003,2003-06-12,58.39,56.98,1.41,NA,57.13,0.29,0.2,0.09,0.2,NA
"147","ARIKAREE","GLACIER",2003,2003-06-19,48.91,51.5,NA,1.45,50.05,0.2,0.13,0.07,0.13,NA
"148","ARIKAREE","GLACIER",2003,2003-06-26,37.65,39,NA,0.11,38.88,0.27,0.25,0.02,0.25,NA
"149","ARIKAREE","GLACIER",2003,2003-07-03,23.04,21.68,1.36,NA,22.47,0.26,0.14,0.12,0.14,NA
"150","ARIKAREE","GLACIER",2003,2003-07-10,17.68,16.51,1.18,NA,17.19,0.44,0.16,0.27,0.16,NA
"151","ARIKAREE","GLACIER",2003,2003-07-15,17.69,15.27,2.42,1.54,13.74,0.23,0.07,0.15,0.07,NA
"152","ARIKAREE","GLACIER",2003,2003-07-17,16.41,15.43,0.97,NA,15.58,0.18,0.19,NA,0.19,NA
"153","ARIKAREE","GLACIER",2003,2003-07-24,14.85,14.47,0.38,NA,14.57,0.14,0.09,0.05,0.09,NA
"154","ARIKAREE","GLACIER",2003,2003-07-31,19.52,19.33,0.19,2.18,17.15,0.26,0.2,0.06,0.2,NA
"155","ARIKAREE","GLACIER",2003,2003-08-07,17.96,18.35,NA,2.08,16.27,0.24,0.22,0.03,0.02,0.19
"156","ARIKAREE","GLACIER",2003,2003-08-14,16.84,15.73,1.11,1.26,14.47,0.2,NA,0.2,NA,NA
"157","ARIKAREE","GLACIER",2003,2003-08-21,28.32,28.21,0.11,2.34,25.87,0.13,0.1,0.04,0.1,NA
"158","ARIKAREE","GLACIER",2003,2003-08-28,27.72,27.65,0.07,1.06,26.59,0.19,0.14,0.05,0.14,NA
"159","ARIKAREE","GLACIER",2003,2003-09-04,36.65,34.85,1.8,NA,34.89,0.16,0.16,NA,0.16,NA
"160","ARIKAREE","GLACIER",2003,2003-09-18,61.1,59.01,2.09,3.18,55.83,0.46,0.15,0.31,0.15,NA
"161","ARIKAREE","GLACIER",2003,2003-09-25,62.42,59.11,3.31,1.35,57.75,0.47,0.33,0.14,0.33,NA
"162","ARIKAREE","GLACIER",2003,2003-10-02,44.4,43.83,0.58,0.2,43.63,0.38,0.31,0.07,0.31,NA
"163","ARIKAREE","GLACIER",2004,2004-06-01,111.09,107.97,3.11,9.39,98.59,0.24,0.21,0.03,0.21,NA
"164","ARIKAREE","GLACIER",2004,2004-06-10,61.79,59.29,2.5,1.96,57.33,0.26,0.12,0.14,0.12,NA
"165","ARIKAREE","GLACIER",2004,2004-06-17,52.24,49.29,2.95,2.27,47.02,0.16,0.08,0.09,0.08,NA
"166","ARIKAREE","GLACIER",2004,2004-06-24,55.83,58.19,NA,2.08,56.11,0.24,0.25,NA,0.25,NA
"167","ARIKAREE","GLACIER",2004,2004-07-01,39.67,41.29,NA,1.75,39.54,0.24,0.23,0.01,0.23,NA
"168","ARIKAREE","GLACIER",2004,2004-07-08,27.63,26.26,1.37,1.72,24.54,0.24,0.23,0.01,0.23,NA
"169","ARIKAREE","GLACIER",2004,2004-07-15,17.74,17.34,0.4,1.28,16.06,0.24,0.19,0.05,0.19,NA
"170","ARIKAREE","GLACIER",2004,2004-07-22,19.94,19.79,0.15,3.07,16.72,0.38,0.21,0.17,0.21,NA
"171","ARIKAREE","GLACIER",2004,2004-07-29,20.57,20.22,0.35,3.96,16.26,0.29,0.28,0.02,0.28,NA
"172","ARIKAREE","GLACIER",2004,2004-08-05,18.77,17.53,1.23,0.05,17.49,0.35,0.2,0.15,0.2,NA
"173","ARIKAREE","GLACIER",2004,2004-08-12,15.99,15.76,0.24,NA,16.05,0.2,0.18,0.02,0.18,NA
"174","ARIKAREE","GLACIER",2004,2004-08-19,27.2,26.01,1.19,NA,26.74,0.2,0.21,NA,0.21,NA
"175","ARIKAREE","GLACIER",2004,2004-08-26,35.74,36.43,NA,3.49,32.94,0.27,0.24,0.03,0.24,NA
"176","ARIKAREE","GLACIER",2004,2004-09-02,32.54,31.33,1.21,4.28,27.05,0.32,0.21,0.11,0.21,NA
"177","ARIKAREE","GLACIER",2004,2004-09-09,47.56,48.37,NA,5.73,42.64,0.3,0.24,0.06,0.24,NA
"178","ARIKAREE","GLACIER",2004,2004-09-16,52.4,48.7,3.7,1.13,47.57,0.29,0.21,0.08,0.21,NA
"179","ARIKAREE","GLACIER",2005,2005-05-26,99.52,98.37,1.15,12.38,85.98,0.64,0.53,0.11,0.16,0.37
"180","ARIKAREE","GLACIER",2005,2005-06-03,90.8,92.18,NA,7.36,84.82,0.23,0.25,NA,0.13,0.11
"181","ARIKAREE","GLACIER",2005,2005-06-16,39.9,39.7,0.21,2.44,37.26,0.34,0.18,0.16,NA,0.18
"182","ARIKAREE","GLACIER",2005,2005-06-23,27.2,24.91,2.29,NA,25.76,0.31,0.28,0.03,NA,0.28
"183","ARIKAREE","GLACIER",2005,2005-06-30,34.74,36.45,NA,NA,34.43,0.22,0.2,0.02,0.07,0.13
"184","ARIKAREE","GLACIER",2005,2005-07-07,26.46,25.41,1.05,NA,25.9,0.08,0.05,0.03,0.05,NA
"185","ARIKAREE","GLACIER",2005,2005-07-14,19.71,20.39,NA,2.58,17.81,0.06,0.05,0.02,0.05,NA
"186","ARIKAREE","GLACIER",2005,2005-07-21,18.16,16.1,2.06,NA,16.45,0.1,0.09,0.01,0.03,0.07
"187","ARIKAREE","GLACIER",2005,2005-07-28,17.14,16.44,0.7,1.01,15.44,0.24,0.22,0.02,0.1,0.12
"188","ARIKAREE","GLACIER",2005,2005-08-04,22.11,20.95,1.16,1.66,19.29,0.21,0.23,NA,0.09,0.14
"189","ARIKAREE","GLACIER",2005,2005-08-11,18.9,18.12,0.77,2.91,15.21,0.23,0.25,NA,0.1,0.15
"190","ARIKAREE","GLACIER",2005,2005-08-18,20.72,18.95,1.77,2.89,16.06,0.23,0.23,NA,0.07,0.16
"191","ARIKAREE","GLACIER",2005,2005-08-25,16.27,14.74,1.53,0.09,14.65,0.13,0.14,NA,0.01,0.12
"192","ARIKAREE","GLACIER",2005,2005-09-01,22.33,21.65,0.68,5.36,16.29,0.3,0.29,0.01,0.23,0.06
"193","ARIKAREE","GLACIER",2005,2005-09-08,23.76,22.35,1.41,3.72,18.63,0.3,0.29,0.01,0.1,0.19
"194","ARIKAREE","GLACIER",2005,2005-09-15,36.2,35.84,0.36,4.8,31.03,0.33,0.2,0.13,0.16,0.04
"195","ARIKAREE","GLACIER",2005,2005-09-22,38.62,37.99,0.63,4.76,33.24,0.21,0.2,0.01,0.16,0.04
"196","ARIKAREE","GLACIER",2005,2005-09-29,55.18,59.7,NA,10.17,49.53,0.22,0.21,NA,0.16,0.05
"197","ARIKAREE","GLACIER",2005,2005-10-06,56.7,53.25,3.45,2.15,51.1,0.34,0.16,0.18,0.11,0.05
"198","ARIKAREE","GLACIER",2006,2006-05-30,95.61,93.46,2.15,2.09,91.37,0.22,0.17,0.05,0.17,NA
"199","ARIKAREE","GLACIER",2006,2006-06-08,81.47,77.7,3.76,4.24,73.47,0.28,0.2,0.08,0.2,NA
"200","ARIKAREE","GLACIER",2006,2006-06-16,32.89,32.65,0.25,1.83,30.81,0.16,0.16,0.01,0.16,NA
"201","ARIKAREE","GLACIER",2006,2006-06-22,26.03,25.52,0.52,1.56,23.96,0.22,0.16,0.06,0.16,NA
"202","ARIKAREE","GLACIER",2006,2006-06-29,22.29,21.58,0.71,0.94,20.64,0.22,0.24,NA,0.24,NA
"203","ARIKAREE","GLACIER",2006,2006-07-06,17.02,17.14,NA,NA,18.42,0.32,0.33,NA,0.24,0.1
"204","ARIKAREE","GLACIER",2006,2006-07-13,12.67,13.46,NA,0.5,12.96,0.36,0.31,0.05,0.16,0.14
"205","ARIKAREE","GLACIER",2006,2006-07-20,13.71,12.96,0.75,0.67,12.29,0.32,0.32,NA,0.17,0.15
"206","ARIKAREE","GLACIER",2006,2006-07-27,11.9,10.26,1.63,NA,11.18,0.28,0.28,NA,0.11,0.17
"207","ARIKAREE","GLACIER",2006,2006-08-03,12.24,10.38,1.86,NA,11.14,0.37,0.25,0.13,0.25,NA
"208","ARIKAREE","GLACIER",2006,2006-08-10,14.07,14.12,NA,2.9,11.23,0.29,0.25,0.05,0.03,0.22
"209","ARIKAREE","GLACIER",2006,2006-08-17,16.85,15.53,1.32,NA,16.7,0.25,0.23,0.02,0.23,NA
"210","ARIKAREE","GLACIER",2006,2006-08-24,20.4,19.47,0.93,NA,19.5,0.32,0.26,0.06,0.26,NA
"211","ARIKAREE","GLACIER",2006,2006-08-31,26.07,27.39,NA,2.16,25.23,0.25,0.09,0.15,0.09,NA
"212","ARIKAREE","GLACIER",2006,2006-09-07,29.06,27.85,1.21,3.84,24.02,0.22,NA,0.22,NA,NA
"213","ARIKAREE","GLACIER",2006,2006-09-14,53.93,53.84,0.1,5.31,48.53,0.3,0.27,0.03,0.27,NA
"214","ARIKAREE","GLACIER",2006,2006-09-28,64.86,65.76,NA,11.73,54.03,0.27,0.12,0.15,0.07,0.05
"215","ARIKAREE","GLACIER",2007,2007-06-14,77.4888,82.3584,NA,11.8882,70.4702,1.1978,0.2454,0.9524,0.1065,0.1388
"216","ARIKAREE","GLACIER",2007,2007-06-21,47.2476,48.1295,NA,5.5954,42.5341,0.2906,0.2486,0.042,NA,0.2551
"217","ARIKAREE","GLACIER",2007,2007-06-28,35.3174,34.6915,0.6258,3.3524,31.3391,0.3229,0.2034,0.1195,0.0517,0.1517
"218","ARIKAREE","GLACIER",2007,2007-07-05,25.5037,23.9004,1.6033,3.7121,20.1883,0.1227,0.1291,NA,0.0129,0.1162
"219","ARIKAREE","GLACIER",2007,2007-07-12,22.0404,19.6576,2.3828,1.429,18.2286,0.2034,0.1905,0.0129,NA,0.1873
"220","ARIKAREE","GLACIER",2007,2007-07-19,21.4638,21.6482,NA,6.2337,15.4146,0.0581,0.0613,NA,0.0613,NA
"221","ARIKAREE","GLACIER",2007,2007-07-26,23.7627,22.6759,1.0868,1.9404,20.7355,0.1065,0.0517,0.0549,0.0517,NA
"222","ARIKAREE","GLACIER",2007,2007-08-02,22.8904,17.7966,5.0938,0.9526,16.8439,0.1033,0.0323,0.071,0.0323,NA
"223","ARIKAREE","GLACIER",2007,2007-08-09,24.9657,24.9602,0.0055,1.9076,23.0526,0.0517,0.0484,NA,0.0484,NA
"224","ARIKAREE","GLACIER",2007,2007-08-16,32.3819,31.1956,1.1863,0.9241,30.2715,0.0646,0.0646,NA,0.0646,NA
"225","ARIKAREE","GLACIER",2007,2007-08-23,29.1593,31.5546,NA,1.6192,29.9354,0.0839,0.071,0.0129,0.0065,0.0646
"226","ARIKAREE","GLACIER",2007,2007-08-30,53.408,52.18,1.2281,4.657,47.523,0.1033,0.0775,0.0258,0.0065,0.071
"227","ARIKAREE","GLACIER",2007,2007-09-07,57.1299,59.1262,NA,12.9175,46.2087,0.1259,0.1227,NA,0.1227,NA
"228","ARIKAREE","GLACIER",2007,2007-09-13,53.6811,54.8608,NA,3.757,51.1038,0.1227,0.1033,0.0194,0.0097,0.0936
"229","ARIKAREE","GLACIER",2007,2007-09-20,59.2833,59.7351,NA,2.4997,57.2355,0.2486,0.1873,0.0613,0.0904,0.0969
"230","ARIKAREE","GLACIER",2007,2007-09-27,68.0659,67.8445,0.2213,NA,68.1886,0.113,0.0807,0.0323,0.0807,NA
"231","ARIKAREE","GLACIER",2007,2007-10-04,100.303,93.6119,6.6911,NA,101.787,0.1227,0.1033,0.0194,0.0452,0.0581
"232","ARIKAREE","GLACIER",2007,2007-10-11,145.9017,133.7226,12.1791,5.2034,128.5192,0.4326,0.1453,0.2873,0.0291,0.1162
"233","ARIKAREE","GLACIER",2008,2008-06-19,46.3776,50.63,NA,3.6302,46.9998,0.3261,0.2809,0.0452,0.184,0.0969
"234","ARIKAREE","GLACIER",2008,2008-06-26,59.2716,55.0237,4.248,NA,59.506,0.7684,0.1324,0.636,0.0226,0.1098
"235","ARIKAREE","GLACIER",2008,2008-07-03,36.18,33.723,2.457,NA,37.0617,0.3325,0.1582,0.1743,0.1582,NA
"236","ARIKAREE","GLACIER",2008,2008-07-10,26.2517,25.2308,1.0209,NA,26.0868,0.1388,0.113,0.0258,NA,0.1291
"237","ARIKAREE","GLACIER",2008,2008-07-17,22.018,20.7574,1.2606,NA,21.5268,0.1388,0.1421,NA,0.0452,0.0969
"238","ARIKAREE","GLACIER",2008,2008-07-24,24.5719,22.9524,1.6195,2.5023,20.4502,0.3777,0.2357,0.1421,0.0743,0.1614
"239","ARIKAREE","GLACIER",2008,2008-07-31,18.6173,15.7885,2.8288,NA,16.4251,0.1388,0.1388,NA,0.042,0.0969
"240","ARIKAREE","GLACIER",2008,2008-08-07,33.6982,25.6398,8.0584,3.7936,21.8462,0.2163,0.2421,NA,0.113,0.1291
"241","ARIKAREE","GLACIER",2008,2008-08-14,27.2727,21.5451,5.7276,1.2499,20.2952,0.2712,0.2551,0.0161,0.0291,0.226
"242","ARIKAREE","GLACIER",2008,2008-08-21,51.1898,53.046,NA,8.15,44.8961,0.2518,0.155,0.0969,0.0807,0.0743
"243","ARIKAREE","GLACIER",2008,2008-08-28,23.9885,21.9181,2.0704,1.2832,20.6348,0.1582,0.155,NA,0.155,NA
"244","ARIKAREE","GLACIER",2008,2008-09-04,26.4808,23.8942,2.5867,5.6783,18.2159,0.2744,0.0839,0.1905,NA,0.0969
"245","ARIKAREE","GLACIER",2008,2008-09-18,46.9538,38.757,8.1968,2.3361,36.421,0.2034,0.184,0.0194,0.0872,0.0969
"246","ARIKAREE","GLACIER",2008,2008-10-03,45.9154,44.9559,0.9594,1.0981,43.8578,0.5714,0.1582,0.4132,NA,0.1614
"247","ARIKAREE","GLACIER",2009,2009-06-25,NA,42.8366,NA,0.8209,42.0157,NA,NA,NA,NA,NA
"248","ARIKAREE","GLACIER",2009,2009-07-02,NA,20.255,NA,NA,22.1553,NA,NA,NA,NA,NA
"249","ARIKAREE","GLACIER",2009,2009-07-09,NA,17.8564,NA,0.6575,17.1989,NA,0.0358,NA,NA,0.0387
"250","ARIKAREE","GLACIER",2009,2009-07-16,NA,13.7077,NA,NA,15.073,NA,0.0381,NA,0.0155,0.0226
"251","ARIKAREE","GLACIER",2009,2009-07-23,NA,10.495,NA,NA,11.2843,NA,NA,NA,NA,0.0258
"252","ARIKAREE","GLACIER",2009,2009-07-30,NA,13.7791,NA,NA,15.2756,NA,NA,NA,NA,NA
"253","ARIKAREE","GLACIER",2009,2009-08-06,NA,10.9351,NA,0.1466,10.7885,NA,0.0827,NA,0.0512,0.0314
"254","ARIKAREE","GLACIER",2009,2009-08-13,NA,13.4935,NA,3.3293,10.1642,NA,0.0961,NA,0.0961,NA
"255","ARIKAREE","GLACIER",2009,2009-08-20,NA,17.0633,NA,0.8296,16.2337,NA,0.1175,NA,0.0933,0.0242
"256","ARIKAREE","GLACIER",2009,2009-08-27,NA,15.921,NA,2.374,13.547,NA,0.11,NA,0.0879,0.022
"257","ARIKAREE","GLACIER",2009,2009-09-03,NA,18.1342,NA,0.3136,17.8206,NA,0.0957,NA,0.046,0.0497
"258","ARIKAREE","GLACIER",2009,2009-09-10,NA,14.1373,NA,0.8987,13.2386,NA,0.0552,NA,0.0114,0.0438
"259","ARIKAREE","GLACIER",2009,2009-09-17,NA,19.905,NA,NA,20.2525,NA,0.0804,NA,NA,0.083
"260","ARIKAREE","GLACIER",2010,2010-06-17,NA,48.4768,NA,2.2705,46.2063,NA,0.1907,NA,0.0122,0.1786
"261","ARIKAREE","GLACIER",2010,2010-06-24,NA,28.4127,NA,NA,29.9028,NA,0.3229,NA,0.0715,0.2513
"262","ARIKAREE","GLACIER",2010,2010-07-01,NA,19.4193,NA,NA,20.2784,NA,0.4862,NA,0.2304,0.2559
"263","ARIKAREE","GLACIER",2010,2010-07-08,NA,20.0852,NA,3.9522,16.133,NA,0.2864,NA,0.1734,0.113
"264","ARIKAREE","GLACIER",2010,2010-07-15,NA,12.0714,NA,NA,13.0943,NA,0.216,NA,0.145,0.071
"265","ARIKAREE","GLACIER",2010,2010-07-23,NA,13.739,NA,NA,14.2282,NA,0.1175,NA,NA,0.1195
"266","ARIKAREE","GLACIER",2010,2010-07-29,NA,12.6283,NA,NA,12.6484,NA,0.1472,NA,0.1472,NA
"267","ARIKAREE","GLACIER",2010,2010-08-05,NA,NA,NA,NA,17.2621,NA,0.2523,NA,0.0769,0.1754
"268","ARIKAREE","GLACIER",2010,2010-08-12,NA,18.3339,NA,NA,19.8751,NA,0.2002,NA,0.2002,NA
"269","ARIKAREE","GLACIER",2010,2010-08-19,NA,14.4146,NA,2.9499,11.4646,NA,0.4145,NA,0.1787,0.2358
"270","ARIKAREE","GLACIER",2010,2010-08-26,NA,13.5097,NA,3.1402,10.3694,NA,0.3374,NA,0.0784,0.2591
"271","ARIKAREE","GLACIER",2010,2010-09-02,NA,19.5335,NA,0.405,19.1285,NA,0.2601,NA,0.0685,0.1916
"272","ARIKAREE","GLACIER",2010,2010-09-16,NA,29.7001,NA,1.2,28.5,NA,0.1279,NA,NA,0.1242
"273","ARIKAREE","GLACIER",2010,2010-09-24,NA,36.4111,NA,4.3105,32.1006,NA,0.2443,NA,0.2443,NA
"274","ARIKAREE","GLACIER",2010,2010-10-07,NA,40.909,NA,2.72,38.189,NA,0.2065,NA,0.2065,NA
"275","ARIKAREE","GLACIER",2011,2011-07-28,NA,15.345,NA,NA,17.0133,NA,0.4338,0.1743,0.2595,NA
"276","ARIKAREE","GLACIER",2012,2012-06-14,NA,28.54,NA,1.11,27.44,NA,0.13,NA,0.07,0.06
"277","ARIKAREE","GLACIER",2012,2012-06-21,NA,22.19,NA,NA,22.7,NA,0.35,NA,0.3,0.05
"278","ARIKAREE","GLACIER",2012,2012-06-28,NA,19.09,NA,2.94,16.15,NA,0.17,NA,0.08,0.09
"279","ARIKAREE","GLACIER",2012,2012-07-05,NA,21.17,NA,NA,23.41,NA,0.23,NA,0.23,NA
"280","ARIKAREE","GLACIER",2012,2012-07-12,NA,17.73,NA,2.78,14.95,NA,0.39,NA,0.39,NA
"281","ARIKAREE","GLACIER",2012,2012-07-19,NA,17.28,NA,NA,18.87,NA,0.1,NA,0.1,NA
"282","ARIKAREE","GLACIER",2012,2012-07-26,NA,24.91,NA,1.1,23.81,NA,0.12,NA,NA,0.12
"283","ARIKAREE","GLACIER",2012,2012-08-02,NA,16.47,NA,NA,17.08,NA,0.12,NA,0.12,NA
"284","ARIKAREE","GLACIER",2012,2012-08-09,NA,18.81,NA,0.79,18.02,NA,0.13,NA,0.05,0.09
"285","ARIKAREE","GLACIER",2012,2012-08-16,NA,23.04,NA,0.03,23.01,NA,0.17,NA,0.01,0.16
"286","ARIKAREE","GLACIER",2012,2012-08-23,NA,28.63,NA,0.26,28.37,NA,0.32,NA,0.08,0.23
"287","ARIKAREE","GLACIER",2012,2012-08-30,NA,35.94,NA,1.14,34.79,NA,0.36,NA,0.06,0.3
"288","ARIKAREE","GLACIER",2012,2012-09-06,NA,43.39,NA,3.69,39.69,NA,0.29,NA,0.09,0.2
"289","ARIKAREE","GLACIER",2012,2012-09-13,NA,63.45,NA,2.97,60.48,NA,0.27,NA,0.06,0.21
"290","ARIKAREE","GLACIER",2012,2012-09-20,NA,59.14,NA,NA,60.63,NA,0.23,NA,0.01,0.22
"291","ARIKAREE","GLACIER",2012,2012-10-02,NA,70.37,NA,NA,75.25,NA,0.22,NA,0.16,0.06
"292","ARIKAREE","GLACIER",2013,2013-06-27,NA,38.33,NA,NA,39.56,NA,0.3,NA,0.08,0.23
"293","ARIKAREE","GLACIER",2013,2013-07-04,NA,29.69,NA,NA,30.45,NA,0.34,NA,0.02,0.32
"294","ARIKAREE","GLACIER",2013,2013-07-11,NA,22.76,NA,1.02,21.74,NA,0.36,NA,0.05,0.3
"295","ARIKAREE","GLACIER",2013,2013-07-18,NA,16.92,NA,1.43,15.49,NA,0.25,NA,0.05,0.2
"296","ARIKAREE","GLACIER",2013,2013-07-25,NA,22.26,NA,0.71,21.55,NA,0.3,NA,0.1,0.2
"297","ARIKAREE","GLACIER",2013,2013-08-01,NA,16.77,NA,0.94,15.83,NA,0.2,NA,0,0.2
"298","ARIKAREE","GLACIER",2013,2013-08-08,NA,23.08,NA,1.52,21.56,NA,0.35,NA,0.04,0.31
"299","ARIKAREE","GLACIER",2013,2013-08-15,NA,30.81,NA,1.92,28.89,NA,0.29,NA,0.01,0.28
"300","ARIKAREE","GLACIER",2013,2013-08-22,NA,30.74,NA,4.46,26.28,NA,0.26,NA,NA,0.27
"301","ARIKAREE","GLACIER",2013,2013-08-29,NA,45.23,NA,4.8,40.43,NA,0.35,NA,0,0.35
"302","ARIKAREE","GLACIER",2013,2013-09-05,NA,47.9,NA,0.61,47.29,NA,0.29,NA,0.03,0.26
"303","ARIKAREE","GLACIER",2013,2013-09-19,NA,62.8,NA,4.72,58.09,NA,0.5,NA,0,0.51
"304","ARIKAREE","GLACIER",2013,2013-09-26,NA,69.47,NA,1.25,68.22,NA,0.49,NA,0,0.49
"305","ARIKAREE","GLACIER",2014,2014-07-23,NA,16.42,NA,0.84,15.58,NA,0.22,NA,0.01,0.2
"306","ARIKAREE","GLACIER",2014,2014-08-14,NA,14.58,NA,1.74,12.84,NA,0.244,NA,0.13,0.114
"307","ARIKAREE","GLACIER",2014,2014-08-21,NA,8.76,NA,1.01,7.76,NA,0.063,NA,0.04,0.023
"308","ARIKAREE","GLACIER",2014,2014-08-21,NA,8.76,NA,1.01,7.76,NA,0.063,NA,0.04,0.023
"309","ARIKAREE","GLACIER",2014,2014-09-04,NA,27.94,NA,2.61,25.33,NA,0.219,NA,0.026,0.193
"310","ARIKAREE","GLACIER",2014,2014-09-11,NA,34.03,NA,2.6,31.43,NA,0.215,NA,0.087,0.128
"311","ARIKAREE","GLACIER",2014,2014-09-18,NA,33.21,NA,7.07,26.15,NA,0.403,NA,0.174,0.229
"312","ARIKAREE","GLACIER",2014,2014-09-25,NA,27.02,NA,2.53,24.48,NA,0.239,NA,0.088,0.151
"313","ARIKAREE","GLACIER",2015,2015-08-20,NA,17.55,NA,NA,19.81,NA,0.33,NA,0.09,0.23
"314","ARIKAREE","GLACIER",2015,2015-08-27,NA,19.67,NA,NA,20.73,NA,0.34,NA,0.12,0.22
"315","ARIKAREE","GLACIER",2015,2015-09-10,NA,28.87,NA,1.26,27.61,NA,0.23,NA,0.08,0.15
"316","ARIKAREE","GLACIER",2015,2015-09-24,NA,28.1,NA,1.36,26.74,NA,0.32,NA,0.06,0.25
"317","ARIKAREE","GLACIER",2015,2015-10-08,NA,61.67,NA,4.84,56.83,NA,0.11,NA,NA,0.21
"318","ARIKAREE","GLACIER",2016,2016-07-07,NA,23.1968,NA,6.6093,16.5874,NA,0.2172,NA,0.1735,0.0436
"319","ARIKAREE","GLACIER",2018,2018-06-26,NA,23.5601,NA,1.9241,21.636,NA,0.2076,NA,NA,0.2507
"320","ARIKAREE","GLACIER",2018,2018-07-10,NA,15.5639,NA,3.6138,11.9501,NA,0.1249,NA,NA,0.1848
"321","ARIKAREE","GLACIER",2018,2018-07-17,NA,15.4925,NA,2.1426,13.3499,NA,0.1771,NA,NA,0.1934
"322","ARIKAREE","GLACIER",2018,2018-07-17,NA,16.6348,NA,4.7859,11.8489,NA,0.1256,NA,NA,0.1648
"323","ARIKAREE","GLACIER",2018,2018-07-31,NA,15.5639,NA,2.3386,13.2252,NA,0.1286,NA,NA,0.2066
"324","ARIKAREE","GLACIER",2018,2018-08-07,NA,23.8457,NA,4.0694,19.7762,NA,0.1807,NA,0.0116,0.1691
"325","ARIKAREE","GLACIER",2018,2018-08-16,NA,26.4873,NA,8.4245,18.0627,NA,0.1793,NA,0.0912,0.088
"326","ARIKAREE","GLACIER",2018,2018-08-23,NA,32.6272,NA,4.4264,28.2007,NA,0.2736,NA,0.0573,0.2163
"327","ARIKAREE","GLACIER",2018,2018-08-30,NA,58.7575,NA,18.4911,40.2664,NA,0.1194,NA,NA,0.2647
"328","ARIKAREE","GLACIER",2018,2018-09-06,NA,57.8294,NA,10.5663,47.263,NA,0.2937,NA,NA,0.3293
"329","ARIKAREE","GLACIER",2018,2018-09-12,NA,51.9751,NA,7.9961,43.9789,NA,0.2421,NA,NA,0.2711
"330","ARIKAREE","GLACIER",2018,2018-09-20,NA,55.2592,NA,5.1404,50.1188,NA,0.2292,NA,0.0451,0.184
"331","ARIKAREE","GLACIER",2019,2019-07-11,NA,35.0546,NA,2.0704,32.9841,NA,0.3293,NA,-0.1097,0.439
"332","ARIKAREE","GLACIER",2019,2019-07-18,NA,25.6305,NA,1.3565,24.274,NA,0.1711,NA,-0.297,0.4681
"333","ARIKAREE","GLACIER",2019,2019-07-18,NA,32.6986,NA,4.355,28.3435,NA,0.2227,NA,-0.2098,0.4326
"334","ARIKAREE","GLACIER",2019,2019-08-01,NA,27.701,NA,3.7125,23.9885,NA,0.3228,NA,-0.1355,0.4584
"335","ARIKAREE","GLACIER",2019,2019-08-08,NA,16.0637,NA,NA,17.4202,NA,0.5165,NA,0.2066,0.3099
"336","ARIKAREE","GLACIER",2019,2019-08-15,NA,19.7762,NA,0.8567,18.9195,NA,0.1872,NA,-0.0936,0.2808
"337","ARIKAREE","GLACIER",2019,2019-08-20,NA,25.9875,NA,1.0709,24.9166,NA,0.3357,NA,-0.184,0.5197
"338","ARIKAREE","GLACIER",2019,2019-08-29,NA,22.4178,NA,3.4983,18.9195,NA,0.1162,NA,-0.2324,0.3486
"339","ARIKAREE","GLACIER",2019,2019-09-05,NA,33.0556,NA,11.8514,21.2041,NA,NA,NA,-0.1517,0.1517
"340","ARIKAREE","GLACIER",2019,2019-09-12,NA,30.414,NA,NA,31.4135,NA,NA,NA,-0.3454,0.3454
"341","ARIKAREE","GLACIER",2019,2019-09-19,NA,30.057,NA,0.2141,29.8428,NA,0.1388,NA,-0.2163,0.3551
"342","ARIKAREE","GLACIER",2019,2019-09-24,NA,32.2702,NA,2.1418,30.1284,NA,0.1872,NA,-0.1033,0.2905
"343","ARIKAREE","GLACIER",2019,2019-10-03,NA,33.4839,NA,0.2141,33.2697,NA,0.3325,NA,0.0258,0.3067
"344","ARIKAREE","GLACIER",2020,2020-06-25,NA,43.0651045571048,NA,34.6123975152968,8.45270704180806,NA,0.493962678375412,NA,0.158197197649642,0.33576548072577
"345","ARIKAREE","GLACIER",2020,2020-07-07,NA,27.3012201303662,NA,20.828503548943,6.47271658142316,NA,0.345451023439013,NA,0.151740169174146,0.193710854264867
"346","ARIKAREE","GLACIER",2020,2020-07-23,NA,21.3183690662326,NA,12.9575417792428,8.36082728698979,NA,0.158197197649642,NA,NA,0.196939368502615
"347","ARIKAREE","GLACIER",2020,2020-08-04,NA,26.3516745557483,NA,19.2204802379683,7.13119431778005,NA,0.426163879382708,NA,0.255052624782075,0.171111254600633
"348","ARIKAREE","GLACIER",2020,2020-08-27,NA,36.4468432964224,NA,21.6184207656874,14.828422530735,NA,0.238910053593336,NA,NA,0.297023309872797
"349","ARIKAREE","GLACIER",2020,2020-09-10,NA,42.2726266715215,NA,29.1710372699035,13.101589401618,NA,0.361593594627752,NA,0.0355136566152257,0.326079938012527
"350","ARIKAREE","GLACIER",2020,2020-09-24,NA,38.2674006011409,NA,21.0013256554254,17.2660749457155,NA,0.351908051914509,NA,0.0419706850907213,0.309937366823788
"351","ARIKAREE","GLACIER",2020,2020-10-08,NA,44.9070801830552,NA,27.9769278207975,16.9301523622578,NA,0.429392393620456,NA,0.184025311551624,0.245367082068832
"352","ARIKAREE","GLACIER",2021,2021-07-06,NA,25.702,NA,NA,NA,NA,0.452,NA,NA,NA
"353","ARIKAREE","GLACIER",2021,2021-07-20,NA,27.13,NA,NA,NA,NA,0.291,NA,NA,NA
"354","ARIKAREE","GLACIER",2021,2021-10-05,NA,95.669,NA,NA,NA,NA,0.387,NA,NA,NA
"355","ARIKAREE","GLACIER",2022,2022-06-28,NA,52.832,NA,NA,NA,NA,0.355,NA,NA,NA
"356","ARIKAREE","GLACIER",2022,2022-07-12,NA,36.411,NA,NA,NA,NA,0.355,NA,NA,NA
"357","ARIKAREE","GLACIER",2022,2022-07-26,NA,29.272,NA,NA,NA,NA,0.42,NA,NA,NA
"358","ARIKAREE","GLACIER",2022,2022-08-16,NA,50.69,NA,NA,NA,NA,0.484,NA,NA,NA
"359","ARIKAREE","GLACIER",2022,2022-10-03,NA,89.243,NA,NA,NA,NA,0.42,NA,NA,NA
"360","ARIKAREE","GLACIER",2022,2022-10-18,NA,108.519,NA,NA,NA,NA,0.161,NA,NA,NA
